band,family,aic,loglik,lambda_l,lambda_u,p_rho_avg,p_nu,p_theta
H1,gaussian,-30550.810001051505,15296.405000525752,0.0,0.0,0.6078825413859291,,
H1,student,-30471.67493975247,15257.837469876235,0.009866390735206928,0.009866390735206928,0.6078825413859291,30.0,
H1,clayton,-43367.78384696412,21684.89192348206,0.6757008513252273,0.0,,,1.7682108233122067
H1,AIC_winner:clayton,-43367.78384696412,21684.89192348206,0.6757008513252273,0.0,,,
H2,gaussian,-34415.447507195364,17228.723753597682,0.0,0.0,0.6074743981035787,,
H2,student,-34251.5999481834,17147.7999740917,0.009823583277067387,0.009823583277067387,0.6074743981035787,30.0,
H2,clayton,-44929.75127206616,22465.87563603308,0.6859889838260865,0.0,,,1.8391051966774459
H2,AIC_winner:clayton,-44929.75127206616,22465.87563603308,0.6859889838260865,0.0,,,
H3,gaussian,-32986.098584071195,16514.049292035597,0.0,0.0,0.5713717981641592,,
H3,student,-32706.476142773827,16375.238071386913,0.006669252781841393,0.006669252781841393,0.5713717981641592,30.0,
H3,clayton,-36615.48362438011,18308.741812190055,0.6587467760712941,0.0,,,1.6605665788874535
H3,AIC_winner:clayton,-36615.48362438011,18308.741812190055,0.6587467760712941,0.0,,,
