series,family,n_obs,loglik,n_params,aic,delta_aic,aic_winner,nu,theta,rho_avg,lambda_l,lambda_u
daily,gaussian,5282,8324.124452797427,15,-16618.248905594854,1078.735942876432,False,,,0.5414590035520718,0.0,0.0
daily,student,5282,8864.492424235643,16,-17696.984848471286,0.0,True,8.124746297219549,,0.5490922529473523,0.1525018122217223,0.1525018122217223
daily,clayton,5282,5571.885167815839,1,-11141.770335631678,6555.214512839608,False,,0.6994752896121188,,0.37122272382187066,0.0
H1,gaussian,4398,7943.968731100729,15,-15857.937462201458,640.4893116243402,False,,,0.5807369052470094,0.0,0.0
H1,student,4398,8265.2133869129,16,-16498.4267738258,0.0,True,9.625865947990112,,0.5877889117128134,0.1437331759403183,0.1437331759403183
H1,clayton,4398,5083.5007042123325,1,-10165.001408424665,6333.425365401134,False,,0.7460821911429595,,0.39492896811186184,0.0
H2,gaussian,4398,7907.706169747718,15,-15785.412339495437,765.5039725842507,False,,,0.5727072961619876,0.0,0.0
H2,student,4398,8291.458156039844,16,-16550.916312079687,0.0,True,8.886466846630622,,0.5779566180003809,0.15315685184689543,0.15315685184689543
H2,clayton,4398,5187.543645985148,1,-10373.087291970296,6177.829020109391,False,,0.7627654245559411,,0.4030360946727894,0.0
H3,gaussian,4398,6840.225723973788,15,-13650.451447947577,208.8842575741146,False,,,0.5022831550028095,0.0,0.0
H3,student,4398,6945.667852760846,16,-13859.335705521691,0.0,True,16.055549594495467,,0.5151772316779994,0.05264341623063459,0.05264341623063459
H3,clayton,4398,4514.032533913181,1,-9026.065067826363,4833.270637695328,False,,0.6878303342377315,,0.3650467393624827,0.0
