model,horizon_days,q,chi_L,chi_U
Gaussian,1,0.05,0.31468888888888885,0.31868888888888885
Gaussian,1,0.1,0.3786888888888889,0.3777333333333334
Gaussian,5,0.05,0.3138888888888889,0.3040888888888888
Gaussian,5,0.1,0.38078888888888884,0.37572222222222224
Gaussian,10,0.05,0.30975555555555556,0.3061111111111111
Gaussian,10,0.1,0.3771555555555556,0.3753222222222223
Gaussian,21,0.05,0.3041999999999999,0.3042888888888889
Gaussian,21,0.1,0.3710222222222222,0.3727
Student-t,1,0.05,0.3426666666666666,0.34811111111111104
Student-t,1,0.1,0.4015666666666667,0.40937777777777773
Student-t,5,0.05,0.32791111111111104,0.32888888888888895
Student-t,5,0.1,0.39172222222222225,0.38957777777777775
Student-t,10,0.05,0.3211777777777778,0.32088888888888883
Student-t,10,0.1,0.3837333333333332,0.3829000000000001
Student-t,21,0.05,0.3209111111111111,0.30666666666666664
Student-t,21,0.1,0.38104444444444446,0.37577777777777777
Empirical (FHS),1,0.05,0.37524444444444444,0.33097777777777776
Empirical (FHS),1,0.1,0.43573333333333336,0.39278888888888885
Empirical (FHS),5,0.05,0.3438222222222222,0.3047111111111111
Empirical (FHS),5,0.1,0.4069444444444444,0.3730111111111111
Empirical (FHS),10,0.05,0.3339999999999999,0.30539999999999995
Empirical (FHS),10,0.1,0.3976222222222222,0.3678444444444445
Empirical (FHS),21,0.05,0.3281333333333334,0.29662222222222223
Empirical (FHS),21,0.1,0.38905555555555554,0.3628444444444444
