date,nu_T,nu_WT,nu_WH,rho_G,rho_T,rho_WT,rho_WH,lambda_T,lambda_WT,lambda_WH
2020-01-02,8.242294919094585,9.2695531582961,8.263797645795353,0.4055080820216224,0.4099623337875376,0.4149429921577558,0.37774762801983786,0.10919594789949512,0.0960874456902783,0.10160899653454526
2020-01-31,8.154153672544838,9.457253945316838,8.408333636416371,0.3985353295113933,0.40254252207475005,0.4062597102397547,0.3780789879195498,0.10846297440788392,0.09126863179810273,0.0990335805701657
2020-03-02,7.755407921131773,8.998581463596109,8.345039763690863,0.40296530200862984,0.404287765977522,0.4069699472492265,0.3922890049810492,0.11580459416305287,0.09739420869784811,0.10456179438253363
2020-03-30,7.704759355033976,8.243382744943144,7.3751765239429945,0.4169712445415968,0.41996330220308553,0.42112418294809756,0.3956095841402972,0.12178097981147974,0.11387408877042617,0.12339683858278624
2020-04-28,7.627645048547345,8.109951046564126,7.4832712951046725,0.42449632465039017,0.4286882059873684,0.4290643961047596,0.4076789282879557,0.12595734009105422,0.11863792059699384,0.1251933050158652
2020-05-27,7.446120544865953,8.215574398814837,7.253359044510694,0.4296464105894651,0.4341699008912002,0.43666069051583156,0.40345380120360813,0.13058548928902822,0.11793429466670041,0.1293944952649975
2020-06-24,7.228084281096218,8.406205420401701,6.762466423970488,0.4314650305608758,0.43482223348963395,0.44056622525149974,0.410071622286158,0.13455937991071848,0.11498874285835564,0.14179210837293482
2020-07-23,7.188238665400883,8.18269366950905,6.662654895880825,0.4337021249015535,0.4385217905688096,0.44284692973669054,0.41610715591817277,0.13636145567535934,0.11986367935622975,0.14403039401575846
2020-08-20,7.1031492805885605,7.952455315924119,7.024813067743922,0.43256838929178976,0.436951763354609,0.439920092211163,0.41934359754263045,0.13734236815284487,0.12253554949952201,0.13711520955810982
2020-09-18,7.152110629433405,7.927262589355432,7.180572706810174,0.42870448974617215,0.4342239971332959,0.43710790301774954,0.4150102424112674,0.1346685841488463,0.12133442591886542,0.13343521266785513
2020-10-16,7.031574572701041,8.011102407369053,7.404316197206601,0.43174229298978783,0.43807222562455256,0.4360682659709409,0.4279202599084246,0.13874010711589124,0.11951054195752486,0.13217420274006383
2020-11-13,6.912453946549666,7.6257979229200075,7.492635226027329,0.4362188434363813,0.4432897556666193,0.44099614340774984,0.44268691615736006,0.14337876463593088,0.12855565467456745,0.13383075481636528
2020-12-14,7.245781464459891,7.930557250598355,7.291428768893317,0.44200226929470277,0.44812082755576377,0.44812581049148836,0.44530129454988887,0.13792200943874283,0.1254801065128555,0.13959169465722962
2021-01-13,7.176531877425785,7.719255157335312,7.208978156372623,0.4423036212024814,0.44813283530033193,0.4476174465427333,0.444816053642655,0.13907843362027733,0.12863921130740077,0.14032134797220974
2021-02-11,7.230268390025546,7.566037293909431,7.587259029003118,0.44673870422194256,0.45245760831539433,0.45155846710613773,0.4563250264167136,0.13918244458325443,0.1332450016388722,0.13647908620878887
2021-03-12,7.518270297857816,7.788846884565197,7.394667355188391,0.44492886801275067,0.4514667728694681,0.4524210363186156,0.4543551880700988,0.13242209233115662,0.1285569664672997,0.13887022881041944
2021-04-12,7.498340619830794,7.836395621512761,7.3473055566648675,0.4435225821550058,0.44880861770981545,0.44818508709620397,0.464010058819438,0.13142841927695603,0.12589230372847357,0.14171520942323815
2021-05-10,7.731173618204813,8.154788740137347,7.415966320055375,0.4403271978117024,0.446747346924963,0.44529606740387184,0.45827344366793604,0.12597559138871423,0.11851404311008908,0.13915027462142565
2021-06-08,8.008167599725617,8.18955359964125,7.559374793438991,0.4442468333807751,0.44991677696896587,0.4516852602873546,0.45842869205787384,0.1219598308961461,0.1204966491949923,0.13627071501812965
2021-07-07,7.979092503650923,7.7913489141115635,7.848911653819047,0.446147572184378,0.4518725745852865,0.4518312745289578,0.4653302533222548,0.12345599061728785,0.1280698403113797,0.13405839824719973
2021-08-04,8.251351355727198,8.077015038979724,7.815523979560805,0.45148559400614424,0.4580083911884784,0.45766648900679474,0.47184693379536874,0.12108552308129217,0.12489751718051363,0.13806564836619273
2021-09-01,8.314157952404624,8.057907583666951,7.790935300392948,0.44810198142034424,0.45462772464814943,0.45441021354818395,0.4677018254909662,0.11880514501075097,0.12355594489922354,0.13804109612750676
2021-09-30,8.61158082612814,8.395011910244456,8.034504635233567,0.45770120184074947,0.46434586030130676,0.4643195019495667,0.4716688599582916,0.1173864190867979,0.12125250133236894,0.13537902707541516
2021-10-28,8.742903816473726,8.641464062751961,8.104733545862969,0.4646215358829183,0.4707571801373957,0.4697187809348267,0.48429598701404175,0.11835840777282747,0.11957437647029896,0.13994636840886843
2021-11-26,8.561502935178884,8.379532357110875,8.06149534570575,0.46221309422076806,0.4670947710908494,0.4667859255434328,0.4811824905048642,0.1202971347995881,0.12371965554394856,0.1394006283422221
2021-12-27,8.694372735714824,8.361092412773397,8.804548246058753,0.4715853444561349,0.47662101826830255,0.47543315959289584,0.4948720804846058,0.12145188666969906,0.12758221156042154,0.13028312114524945
2022-01-25,8.279200511735622,7.962013905186254,9.203032414484989,0.4674749288995333,0.47353419761618937,0.47013515969473885,0.48312373347956544,0.1281183372889235,0.1332476250608937,0.11964169458540784
2022-02-23,8.295654185559341,7.772560763170777,11.045063640217338,0.46053219365819076,0.4669915698299539,0.4618761629420478,0.4790476222467383,0.1249795616267577,0.133320608582025,0.09292080867690133
2022-03-23,7.914201112216116,7.5381672354452745,10.028140427764699,0.4538889119830634,0.4597149367222432,0.4532793883310932,0.48033711970775345,0.1284277444447301,0.13378454807988846,0.10364547301163096
2022-04-21,8.011976516962957,7.485153463883824,9.641146433653473,0.45149466149500284,0.45720394064104425,0.4519223663991638,0.4794008375072597,0.12518065799761163,0.1337222168649696,0.10910134485429042
2022-05-19,7.9143081600739915,7.512634901301473,10.14881585551958,0.46169707023026285,0.4675688426332201,0.46270629474056774,0.4889941792492329,0.13106452770531848,0.13786886230516796,0.10355079244807032
2022-06-17,8.097869972451631,7.581378280008563,10.50274592308008,0.47307943473215036,0.4801122217437809,0.4723582284905117,0.5034146252653814,0.13148141539997818,0.13973535145101984,0.10137078982807547
2022-07-19,8.438033345984921,7.962437729188773,9.93086930322594,0.4793176516689382,0.4846696256693975,0.4783841537489019,0.5160215942967527,0.12712772170217104,0.1341071380513513,0.1148124050378605
2022-08-16,8.912159027173672,8.438200076649592,10.51386573026835,0.48362481416997777,0.4875889292036923,0.480592775578305,0.5232815184710096,0.12017777484436533,0.12634822757723432,0.1097303200194813
2022-09-14,9.013359417888923,8.595286100024024,10.896407230907439,0.4938677216371479,0.4966321983788637,0.49095206694634647,0.5379027928974924,0.12242912211100146,0.12818667233206407,0.10954202192647391
2022-10-12,9.350416013183173,8.658097214550638,11.676207335222177,0.49995061759274717,0.5051210650647605,0.4950939572885972,0.5438940990307788,0.11982047561070892,0.12844826432421844,0.10229134958666147
2022-11-09,9.415379753149029,8.977058338226742,11.652441163314046,0.5034983789848569,0.5084166267975766,0.49891932367621894,0.5392655443430023,0.11957862794112521,0.12356983381598889,0.09957627896583647
2022-12-08,8.716648337155899,8.150698336024272,11.16261588769504,0.5072219944928344,0.5100470837823877,0.5048919344522645,0.5330148931710339,0.13224094663133887,0.14131584688313287,0.1026671079810164
2023-01-09,9.20256053263636,8.671256713016824,11.744442404663214,0.5076415485798954,0.5119157354223216,0.5084757560132518,0.5296002592573127,0.12406757910486554,0.1325232464122938,0.09423735578760618
2023-02-07,9.334618841175315,8.712113633880985,11.556243020814291,0.5085461541966255,0.5123626386698629,0.5103403000756859,0.5291447318681705,0.1214942643111912,0.1315399831806023,0.09590822757269889
2023-03-08,9.291453821939522,8.529793090425958,11.788394922734497,0.5131005232220929,0.5168417836291862,0.5164901181521552,0.5274528785858915,0.12347221454756177,0.13715538489193932,0.09255269079980506
2023-04-05,9.947830699984841,8.801841589729113,12.36734659643998,0.5161156905252408,0.5209938496082398,0.5181187077286029,0.5331439816222107,0.1147204226029458,0.13255952696073414,0.08852210145972153
2023-05-04,9.721536894421869,8.724574834206702,12.773891811345495,0.5175977258684407,0.5222944331070898,0.5195995864079468,0.5320315747089389,0.11848661861281698,0.13394999946153574,0.0844567680380722
2023-06-02,9.624505367876198,8.64914037564542,13.323258703969179,0.515605368334682,0.5209048147580667,0.5211908135758948,0.5181620835206135,0.11941925430439645,0.13561610470302154,0.07542144979907749
2023-07-03,9.738036780977708,9.077509327797944,13.267307642287275,0.5184292141484479,0.5227625948811412,0.5242884443436812,0.523130956313959,0.11835127087274454,0.1286455147266353,0.07814175188229586
2023-08-01,9.828960406259789,8.993860256882213,13.063503589534744,0.5130533770344701,0.5179198818077788,0.5196210898736161,0.5123157156363803,0.1148601320291187,0.12814707069192469,0.07586029280365467
2023-08-29,10.413443630741028,9.615672182841728,14.961175191208818,0.5071884217792976,0.5113917421180957,0.5124581692857753,0.5073635127881377,0.10337224901502808,0.11429623101376765,0.05951357636117581
2023-09-27,10.386887044249136,9.556300627990119,15.666280300265566,0.5099910014590231,0.5144804593603742,0.5157145313255656,0.508573342359515,0.10486971233577538,0.11648170041610423,0.05446646038331761
2023-10-25,10.302700274107973,9.486681626269519,16.080179482283306,0.5095431847818384,0.5147172234091456,0.5139524311083007,0.5143186602207439,0.10593966834894346,0.1167188376131041,0.05349941468331133
2023-11-22,10.398562107209425,9.484206043208358,17.71422217429702,0.5167808448903878,0.5211922297909652,0.5188787580128024,0.5265947937559033,0.1070220013051942,0.11859772811749379,0.04658123478700671
2023-12-21,10.793690607257785,9.97383686428343,18.355960552090515,0.5197071684544344,0.5229668221577609,0.5208061658329386,0.5331333373725732,0.10225989377025162,0.11137895178832292,0.0448264767389147
2024-01-23,10.362307512237022,9.41108154887246,19.710714427634155,0.5147575444047027,0.52110583925535,0.5174832260062591,0.52111691837244,0.10737195274760344,0.11862056550176453,0.03702143462933726
2024-02-21,10.737294394024312,9.937653523525507,16.935867143689734,0.5058497051142586,0.5138817836239943,0.5140560772947234,0.5093743759813213,0.09953460458664652,0.10903409365522077,0.04633659502451569
2024-03-20,11.246990427911362,10.923680385374448,17.53864130995096,0.4933048311288759,0.49937414344234143,0.5001280911163081,0.49530221387911305,0.08789373296360035,0.09035011853950732,0.04085412286238588
2024-04-18,11.894045349640825,11.93120294087071,18.38904923270813,0.48593399831478795,0.49179074496839464,0.49152244653775956,0.4814139696157552,0.07842408572492357,0.07628420253500993,0.03463519265319293
2024-05-16,12.090827121396357,11.48183824942717,18.663408473633748,0.4816239794050369,0.4869674342648006,0.4835331969080375,0.48916236764163773,0.0746527981926445,0.07852492369788867,0.034491132765090235
2024-06-14,12.811969431864386,12.0477501822536,20.22326104730605,0.4753700762635439,0.4827152814622949,0.47834260974818554,0.4876302080543135,0.06623261433780735,0.07075615480477816,0.02841202774630439
2024-07-16,11.50561471425643,11.20201102251402,21.391158393824114,0.4693073429043912,0.477035817062504,0.47191175852296874,0.47384979616249606,0.0767847107086801,0.07693408660483034,0.024229399496892352
2024-08-13,11.21419632541559,11.009344723435346,19.475594093315966,0.4700763294156445,0.4792281675244339,0.47433587130756044,0.4835894907579042,0.08091037184554607,0.08014823694248913,0.030925573971455348
2024-09-11,11.178627742843188,11.116330774111335,17.485978094185793,0.4684516295147088,0.4783027761098118,0.4725216278235233,0.4829839485207758,0.08106065750642993,0.07837478327241759,0.0379749155417584
2024-10-09,11.21979358827265,11.076030202536,18.377953884695682,0.4602856981859764,0.46983912417727997,0.4654959197986502,0.46946707436434243,0.07820785979858387,0.07690124425059805,0.0326436706505851
2024-11-06,12.10482345350653,12.208183303953899,18.624950846697658,0.4553985906232813,0.4650753977160423,0.46028600248869606,0.4579847111023935,0.06788949487686886,0.06426319774601198,0.029952630535042938
2024-12-05,11.665848408996583,11.431234761206197,14.990449091523317,0.4515662220737796,0.4605633239678573,0.45452061414269945,0.4653780270048282,0.07113058341602368,0.07042931814414453,0.0485966108548959
2025-01-06,11.476721269211719,10.985735971685683,16.240817109075973,0.4568412375466583,0.46537086471194566,0.4559384582533398,0.4746097132946781,0.07433463471295794,0.07560300029024705,0.04324164359544745
2025-02-05,10.777835525511675,10.755187322677951,13.544186514375644,0.4510076630930678,0.4611217142347929,0.45224834459189217,0.45865074867152467,0.08025963963427006,0.07635293642528479,0.0557721190207808
2025-03-06,10.887999258375133,10.529598761125476,14.08491479004129,0.449334817450225,0.4604948778918557,0.45199173833322603,0.4565215740225028,0.07795530211463846,0.07836326100710041,0.05122936772055952
2025-04-03,10.824936007422767,10.840064844589385,14.374293984608235,0.45461058014966765,0.4673825170222475,0.45991238835581955,0.45857967247326326,0.08106186178481013,0.07732239336373835,0.04986026501027056
2025-05-02,9.450282750440723,8.92204491586708,12.908220134726616,0.47106053732360403,0.4790323446375177,0.47093385088776657,0.48134572678618676,0.10315924953304231,0.10755175615394647,0.06563126601123216
2025-06-02,9.243104908578799,8.890848862399599,12.096614734589423,0.4742426739683309,0.4817562167020201,0.47401489421115345,0.4871866006846186,0.10762192571607812,0.10932865020110506,0.07522553190637654
2025-07-01,9.04099123224665,9.098094297052207,11.795690424090104,0.4754418089482521,0.482362270858455,0.4755650292792359,0.4838783014883731,0.11156693314268183,0.10693002415516971,0.07777191737357193
2025-07-30,8.850108271605755,9.173677797904196,11.736831732093743,0.46965455444680754,0.47733463613820215,0.47017100936666284,0.47893605437720255,0.11276086493302988,0.10370970813428326,0.0771605159968865
2025-08-27,8.795708419529506,9.050368707804346,12.93020157488608,0.4729343567893015,0.48029389025723357,0.4717628291614512,0.48532451547588606,0.11517219111571401,0.10642417685227365,0.06836164422696249
2025-09-25,8.645440715886478,8.746949047836353,13.134805336741799,0.4673908317521531,0.473667521212733,0.465171249600625,0.4859169182013487,0.11505080107392883,0.10879686438925809,0.0665502237345815
2025-10-23,8.551380533704373,8.818354713172956,13.963104478549262,0.46491294326972477,0.47087735225091537,0.46355356403758363,0.4826017314674125,0.11500103211637878,0.10613264588028044,0.05935661222036056
2025-11-20,8.604144484589332,8.918667331062354,13.768273491254522,0.465108243772837,0.4718106867727015,0.4637102371161174,0.48974234301652214,0.1145504298722541,0.1045506625189405,0.06253076881145109
2025-12-19,8.773587174071277,8.818080477535593,12.862434525885327,0.45859145804321866,0.46438417156492234,0.45804926479322583,0.47702578452187777,0.10934306239581107,0.10456752501496919,0.06747190468661181
2026-01-21,8.853532683846822,8.722713642025745,14.044180165725725,0.4586761268039364,0.4635869934923981,0.4583790726653504,0.47217340440167016,0.10768014930748032,0.10656739240136909,0.05797356077255809
2026-02-19,8.76038699198005,8.581872714302849,11.371722098133825,0.45460212802587896,0.4586013130729615,0.45785522478302426,0.45461799711895584,0.10652429358884245,0.10802542497259805,0.07476400458644432
2026-03-19,8.433868050838615,8.278100969842043,11.112040668336512,0.4526031290768244,0.4568564039485137,0.45507155269435773,0.4600105774844549,0.11060654070186178,0.11155737302890083,0.0782975980904257
2026-04-17,7.826323280538812,8.105570033340161,10.03650868347717,0.44509620209967543,0.4524970040695094,0.44778540814816525,0.45490226137399065,0.12090475654480586,0.11270601082356053,0.09035920650626458
2026-05-15,7.685457271186229,8.072209995683664,9.759527595854633,0.430955878016942,0.43765770320080044,0.4337167226175734,0.43861176994133105,0.11797795677410172,0.10807270900550854,0.08936923705567894
2026-06-15,7.512291009963956,8.006692006118499,10.756671274849012,0.4130425485455548,0.42003218754229277,0.4192087815723859,0.41358965817032867,0.11506858638443503,0.10430468760558405,0.07060514964245389
2026-07-15,7.335130242883716,7.75539438694783,10.614788562322389,0.4009887125466018,0.40926537470602453,0.40817440635929736,0.3993492433183107,0.1142485208888215,0.1047459252803716,0.06791661519935456
2026-08-12,7.3342062863931945,7.707571627170498,9.297359989056124,0.39057655612321773,0.3995466856328449,0.4004169138261358,0.38618897629310184,0.11057241744647292,0.10260289645425898,0.07866978964171574
2026-09-10,7.601828513502771,8.158957763929232,9.646551356434669,0.37608776175950054,0.3862016201798918,0.3858658280279549,0.3708858525172448,0.10045288287428406,0.08942279023260007,0.06988076853952996
