period,model,days,hit95_pct,hit99_pct
COVID crash (Feb–Jun 2020),HS,94,18.085106382978726,8.51063829787234
COVID crash (Feb–Jun 2020),FHS,94,10.638297872340425,4.25531914893617
COVID crash (Feb–Jun 2020),G,94,9.574468085106384,7.446808510638298
COVID crash (Feb–Jun 2020),T,94,9.574468085106384,6.382978723404255
COVID crash (Feb–Jun 2020),WT,94,9.574468085106384,7.446808510638298
2022 rate shock,HS,251,8.366533864541832,3.187250996015936
2022 rate shock,FHS,251,6.374501992031872,0.398406374501992
2022 rate shock,G,251,7.171314741035857,1.593625498007968
2022 rate shock,T,251,7.171314741035857,1.1952191235059761
2022 rate shock,WT,251,7.569721115537849,1.1952191235059761
Other days,HS,1354,2.880354505169867,0.6646971935007385
Other days,FHS,1354,3.323485967503693,0.51698670605613
Other days,G,1354,3.6927621861152145,0.7385524372230428
Other days,T,1354,3.766617429837518,0.5908419497784343
Other days,WT,1354,3.766617429837518,0.5908419497784343
