series,tail,est,lo,hi,se,p0,gaussian_implied,excess_est,excess_lo,excess_hi,excess_se,excess_p0,q,n_obs,scale
daily,L,0.3773823046825697,0.3361552508980327,0.41860935846710673,0.021034211114559703,5.606836312178019e-72,0.28116914584732,0.09621315883524972,0.06534050503162339,0.12708581263887606,0.015751353981442007,1.0073145418482264e-09,0.05,5282,1 day
daily,U,0.30872144389751355,0.26893823974369624,0.34850464805133086,0.0202975531397027,3.0453601616784985e-52,0.28116914584732,0.027552298050193547,-0.0017642585551200136,0.0568688546555071,0.014957426839445695,0.06546813044466383,0.05,5282,1 day
H1,L,0.36471123237835384,0.3165194416548509,0.4129030231018568,0.02458764832831784,8.949226729285222e-50,0.308698541354687,0.05601269102366685,0.02489626915603592,0.08712911289129778,0.015875725442668843,0.00041840023505329414,0.05,4398,2–8 days
H1,U,0.3504623313627407,0.3093555226094874,0.391569140115994,0.02097286160880271,1.1032148917794793e-62,0.308698541354687,0.04176379000805369,0.010608942194274398,0.07291863782183299,0.015895330517234334,0.008603378561106692,0.05,4398,2–8 days
H2,L,0.3537971805366075,0.3095445921175797,0.3980497689556354,0.022577851234197872,2.42199058495115e-55,0.30188486518606356,0.05191231535054397,0.01773277593563747,0.08609185476545048,0.01743854051780944,0.00291204887937536,0.05,4398,8–32 days
H2,U,0.33196907685311505,0.2794973104086819,0.3844408432975482,0.02677130941042508,2.6073463904812883e-35,0.30188486518606356,0.030084211667051497,-0.005471988480960276,0.06564041181506328,0.018140918442863148,0.0972444008681452,0.05,4398,8–32 days
H3,L,0.3119599818099136,0.2313465162680648,0.39257344735176236,0.04112931915400449,3.328553683316148e-14,0.2609007723925827,0.051059209417330886,-0.019679986236225064,0.12179840507088684,0.03609142635385508,0.1571510409657905,0.05,4398,> 32 days
H3,U,0.20160679096559042,0.14265124641555674,0.2605623355156241,0.030079359464302898,2.0488897751979822e-11,0.2609007723925827,-0.05929398142699227,-0.11829236682929717,-0.00029559602468737234,0.030101217041992295,0.048858995685534305,0.05,4398,> 32 days
daily,L,0.4320333207118516,0.3985922995319775,0.46547434189172565,0.017061745499935745,1.8402086471072537e-141,0.35891755688204696,0.07311576382980461,0.053709478469631255,0.09252204918997797,0.009901166000088448,1.529572726257093e-13,0.1,5282,1 day
daily,U,0.38129496402877694,0.350881644694098,0.4117082833634559,0.015516999660550479,2.472760031159643e-133,0.35891755688204696,0.022377407146729977,0.0051787046768329015,0.03957610961662705,0.00877484819892708,0.010766855429108928,0.1,5282,1 day
H1,L,0.4176140670001515,0.37824582866202183,0.4569823053382812,0.02008583588680087,5.1701883330167755e-96,0.38599328834641644,0.03162077865373508,0.010486833841192256,0.05275472346627791,0.010782624904358586,0.0033617150629068784,0.1,4398,2–8 days
H1,U,0.4126117932393512,0.3819522268739242,0.4432713596047782,0.015642635900728046,2.490865782206316e-153,0.38599328834641644,0.02661850489293477,0.00935016826546967,0.04388684152039987,0.008810375830339336,0.00251718613888274,0.1,4398,2–8 days
H2,L,0.4239805972411702,0.38782281421666953,0.4601383802656709,0.018447848481888116,6.950057720881875e-117,0.3795669954278037,0.04441360181336651,0.02381481263604611,0.06501239099068691,0.010509586314959388,2.378729379008501e-05,0.1,4398,8–32 days
H2,U,0.40397150219796873,0.36294644718018393,0.44499655721575354,0.020931150519277974,5.3694456329706074e-83,0.3795669954278037,0.024404506770165035,0.002889123221725961,0.045919890318604106,0.01097723650430565,0.02620284136842337,0.1,4398,8–32 days
H3,L,0.39199636198271937,0.3350507038397629,0.44894202012567586,0.029053907215794126,1.7422201423925806e-41,0.3374432795685288,0.054553082414190546,0.00626574407917025,0.10284042074921085,0.024636397109704233,0.02680617228593543,0.1,4398,> 32 days
H3,U,0.2649689252690617,0.21782337047557013,0.31211448006255327,0.024053854486475287,3.211974003547079e-28,0.3374432795685288,-0.07247435429946714,-0.11530554045986868,-0.029643168139065597,0.021852646000204867,0.0009115178371786241,0.1,4398,> 32 days
