series,tail,est,lo,hi,se,p0,gaussian_implied,excess_est,excess_lo,excess_hi,excess_se,excess_p0,q,horizon_days,n_obs
h1,L,0.4255963650132525,0.35918761655307985,0.4920051134734251,0.033882014520496245,3.4536787135708445e-36,0.28866490425928315,0.13693146075396934,0.09229412654761736,0.1815687949603213,0.02277415010528162,1.8259063806126815e-09,0.05,1,5282
h1,U,0.3889940679035719,0.3288700250002118,0.449118110806932,0.03067553209355108,7.543802362189666e-37,0.28866490425928315,0.10032916364428873,0.06378472442883705,0.13687360285974043,0.01864512204869984,7.407845011527119e-08,0.05,1,5282
h5,L,0.4280303030303029,0.35251721885647086,0.503543387204135,0.03852708376215922,1.123421499860046e-28,0.2851700624816117,0.14286024054869123,0.07940119513387456,0.2063192859635079,0.032377063987151365,1.0223563527325185e-05,0.05,5,1056
h5,U,0.37752525252525254,0.3056803125006924,0.4493701925498127,0.03665558164518374,7.100768070187868e-25,0.2851700624816117,0.09235519004364084,0.03798666713319203,0.14672371295408965,0.027739042301249395,0.0008702404392212419,0.05,5,1056
h10,L,0.3813131313131313,0.27789399802787795,0.4847322645983847,0.05276486392104764,4.950587884895141e-13,0.2666655073804785,0.11464762393265282,0.03143824496693717,0.19785700289836847,0.04245376477842635,0.006922929642565624,0.05,10,528
h10,U,0.33333333333333337,0.24093589428317155,0.4257307723834952,0.04714155053579685,1.5392866116851e-12,0.2666655073804785,0.06666782595285486,-0.005667667552423344,0.13900331945813307,0.03690586403330521,0.07085134290414317,0.05,10,528
h21,L,0.32934926958831334,0.18461125702016873,0.47408728215645796,0.07384592477966562,8.197806425684406e-06,0.2745997662086013,0.05474950337971202,-0.07087588901853736,0.1803748957779614,0.0640945879582905,0.39299499267324545,0.05,21,251
h21,U,0.29216467463479406,0.18287824277963466,0.40145110648995347,0.05575838359957112,1.6072109899312452e-07,0.2745997662086013,0.017564908426192738,-0.0759837765158182,0.11111359336820367,0.04772892088878109,0.7128628368084857,0.05,21,251
h1,L,0.4621986621229332,0.4138762259364739,0.5105210983093925,0.024654304176764945,2.0413482286624775e-78,0.36685276243306597,0.09534589968986723,0.07101492161896328,0.11967687776077118,0.012413764321889774,1.582713689820515e-14,0.1,1,5282
h1,U,0.4252177205603937,0.3826673583791994,0.467768082741588,0.02170936845979299,2.0027666395409788e-85,0.36685276243306597,0.058364958127327726,0.039678142492338274,0.07705177376231717,0.009534089609688497,9.257479216066356e-10,0.1,1,5282
h5,L,0.44570707070707066,0.3831580859487736,0.5082560554653678,0.031912747325661774,2.4984880625206177e-44,0.36256360942768234,0.08314346127938832,0.03765435334422014,0.1286325692145565,0.02320872853835111,0.0003404231910355346,0.1,5,1056
h5,U,0.413510101010101,0.36113202871321637,0.4658881733069856,0.026723506273920738,5.226055223722768e-54,0.36256360942768234,0.05094649158241865,0.014616474964491866,0.08727650820034544,0.01853572276424836,0.005985821609368236,0.1,5,1056
h10,L,0.404040404040404,0.3291619997844476,0.47891880829636035,0.03820326747752878,3.847631001331024e-26,0.34388820155112165,0.060152202489282325,0.005465350135370882,0.11483905484319376,0.02790145528260788,0.0310929999488153,0.1,10,528
h10,U,0.34469696969696967,0.27806779690988814,0.4113261424840512,0.03399447591177628,3.6787598306945314e-24,0.34388820155112165,0.0008087681458480156,-0.047298117885551466,0.0489156541772475,0.02454432960785688,0.973713404732291,0.1,10,528
h21,L,0.393094289508632,0.2931134290667328,0.4930751499505312,0.05101064308260163,1.2969763705328426e-14,0.35177920057852413,0.04131508893010788,-0.039946064075532084,0.12257624193574784,0.04145977194165305,0.3190022749550131,0.1,21,251
h21,U,0.3877822045152721,0.3045890983480823,0.47097531068246196,0.04244546233019889,6.47985391531425e-20,0.35177920057852413,0.03600300393674799,-0.031887262905104824,0.1038932707786008,0.03463789124584327,0.2986136470024817,0.1,21,251
